<?xml version="1.0"?>
<metadata xml:lang="en"><Esri><MetaID>{F2758473-3791-4E6D-8BC6-1291D4BE08C3}</MetaID><CreaDate>20070508</CreaDate><CreaTime>08343700</CreaTime><SyncOnce>FALSE</SyncOnce><DataProperties><lineage><Process Name="Project (2)" ToolSource="C:\Program Files\ArcGIS\ArcToolbox\Toolboxes\Data Management Tools.tbx\Project" Date="20070508" Time="083437">Project \\nicknet.env.duke.edu\network\research\landscape2\nc\huc\huc250k\polygon \\nicknet.env.duke.edu\network\research\landscape2\nc_state\huc\huc250k_sp.shp PROJCS['NAD_1983_StatePlane_North_Carolina_FIPS_3200',GEOGCS['GCS_North_American_1983',DATUM['D_North_American_1983',SPHEROID['GRS_1980',6378137.0,298.257222101]],PRIMEM['Greenwich',0.0],UNIT['Degree',0.0174532925199433]],PROJECTION['Lambert_Conformal_Conic'],PARAMETER['False_Easting',609601.22],PARAMETER['False_Northing',0.0],PARAMETER['Central_Meridian',-79.0],PARAMETER['Standard_Parallel_1',34.33333333333334],PARAMETER['Standard_Parallel_2',36.16666666666666],PARAMETER['Latitude_Of_Origin',33.75],UNIT['Meter',1.0]] NAD_1927_To_NAD_1983_NADCON PROJCS['NAD_1927_Albers',GEOGCS['GCS_North_American_1927',DATUM['D_North_American_1927',SPHEROID['Clarke_1866',6378206.4,294.9786982]],PRIMEM['Greenwich',0.0],UNIT['Degree',0.0174532925199433]],PROJECTION['Albers'],PARAMETER['False_Easting',0.0],PARAMETER['False_Northing',0.0],PARAMETER['Central_Meridian',-96.0],PARAMETER['Standard_Parallel_1',29.5],PARAMETER['Standard_Parallel_2',45.5],PARAMETER['Latitude_Of_Origin',23.0],UNIT['Meter',1.0]]</Process><Process Name="Copy Features" ToolSource="C:\Program Files\ArcGIS\ArcToolbox\Toolboxes\Data Management Tools.tbx\CopyFeatures" Date="20070522" Time="092513">CopyFeatures huc250k_sp_Layer L:\nc_stateplane\huc\huc250k_sp_NC.shp # 0 0 0</Process><Process ToolSource="C:\Program Files\ArcGIS\ArcToolbox\Toolboxes\Data Management Tools.tbx\CopyFeatures" Date="20070523" Time="110053">CopyFeatures \\nicknet.env.duke.edu\network\research\landscape2\nc_stateplane\huc\huc250k_sp_NC.shp C:\WorkSpace\WHPRP\NC_StatePlane.gdb\huc250k_sp_NC # 0 0 0</Process><Process ToolSource="C:\Program Files\ArcGIS\ArcToolbox\Toolboxes\Data Management Tools.tbx\CopyFeatures" Date="20070531" Time="104545">CopyFeatures S:\nc_stateplane\NC_StatePlane.gdb\huc250k_sp_NC "Database Connections\NC.sde\nc.SDE.huc250k_sp_NC" # 0 0 0</Process><Process Name="FeatureClassToFeatureClass_1" ToolSource="C:\Program Files\ArcGIS\ArcToolbox\Toolboxes\Conversion Tools.tbx\FeatureClassToFeatureClass" Date="20071029" Time="211220">FeatureClassToFeatureClass "Database Connections\NC as SDE.sde\nc.SDE.huc250k_sp_NC" W:\359_admin\lab_development\Johns_Sandbox\SOAP\Discharge\ToolData NC_HUCS.shp # "AREA_ AREA_ true true false 8 Double 8 38 ,First,#,Database Connections\NC as SDE.sde\nc.SDE.huc250k_sp_NC,AREA_,-1,-1;PERIMETER PERIMETER true true false 8 Double 8 38 ,First,#,Database Connections\NC as SDE.sde\nc.SDE.huc250k_sp_NC,PERIMETER,-1,-1;HUC250K_ HUC250K_ true true false 4 Long 0 10 ,First,#,Database Connections\NC as SDE.sde\nc.SDE.huc250k_sp_NC,HUC250K_,-1,-1;HUC250K_ID HUC250K_ID true true false 4 Long 0 10 ,First,#,Database Connections\NC as SDE.sde\nc.SDE.huc250k_sp_NC,HUC250K_ID,-1,-1;HUC_CODE HUC_CODE true true false 8 Text 0 0 ,First,#,Database Connections\NC as SDE.sde\nc.SDE.huc250k_sp_NC,HUC_CODE,-1,-1;HUC_NAME HUC_NAME true true false 39 Text 0 0 ,First,#,Database Connections\NC as SDE.sde\nc.SDE.huc250k_sp_NC,HUC_NAME,-1,-1;REG REG true true false 2 Text 0 0 ,First,#,Database Connections\NC as SDE.sde\nc.SDE.huc250k_sp_NC,REG,-1,-1;SUB SUB true true false 4 Text 0 0 ,First,#,Database Connections\NC as SDE.sde\nc.SDE.huc250k_sp_NC,SUB,-1,-1;ACC ACC true true false 6 Text 0 0 ,First,#,Database Connections\NC as SDE.sde\nc.SDE.huc250k_sp_NC,ACC,-1,-1;CAT CAT true true false 8 Text 0 0 ,First,#,Database Connections\NC as SDE.sde\nc.SDE.huc250k_sp_NC,CAT,-1,-1;area area false false true 0 Double 0 0 ,First,#,Database Connections\NC as SDE.sde\nc.SDE.huc250k_sp_NC,Shape.area,-1,-1;len len false false true 0 Double 0 0 ,First,#,Database Connections\NC as SDE.sde\nc.SDE.huc250k_sp_NC,Shape.len,-1,-1" # W:\359_admin\lab_development\Johns_Sandbox\SOAP\Discharge\ToolData\NC_HUCS.shp</Process></lineage></DataProperties><SyncDate>20071029</SyncDate><SyncTime>21121900</SyncTime><ModDate>20071029</ModDate><ModTime>21121900</ModTime></Esri><idinfo><native Sync="TRUE">Microsoft Windows XP Version 5.1 (Build 2600) Service Pack 2; ESRI ArcCatalog 9.2.2.1350</native><descript><langdata Sync="TRUE">en</langdata><abstract>REQUIRED: A brief narrative summary of the data set.</abstract><purpose>REQUIRED: A summary of the intentions with which the data set was developed.</purpose></descript><citation><citeinfo><origin>REQUIRED: The name of an organization or individual that developed the data set.</origin><pubdate>REQUIRED: The date when the data set is published or otherwise made available for release.</pubdate><title Sync="TRUE">NC_HUCS</title><ftname Sync="TRUE">NC_HUCS</ftname><geoform Sync="TRUE">vector digital data</geoform><onlink Sync="TRUE">\\nicknet\network\class\fall-2007\environ359\359_admin\lab_development\Johns_Sandbox\SOAP\Discharge\ToolData\NC_HUCS.shp</onlink></citeinfo></citation><timeperd><current>REQUIRED: The basis on which the time period of content information is determined.</current><timeinfo><sngdate><caldate>REQUIRED: The year (and optionally month, or month and day) for which the data set corresponds to the ground.</caldate></sngdate></timeinfo></timeperd><status><progress>REQUIRED: The state of the data set.</progress><update>REQUIRED: The frequency with which changes and additions are made to the data set after the initial data set is completed.</update></status><spdom><bounding><westbc Sync="TRUE">-85.176364</westbc><eastbc Sync="TRUE">-75.383193</eastbc><northbc Sync="TRUE">37.361503</northbc><southbc Sync="TRUE">32.991660</southbc></bounding><lboundng><leftbc Sync="TRUE">61435.831000</leftbc><rightbc Sync="TRUE">930328.098300</rightbc><bottombc Sync="TRUE">-67945.737100</bottombc><topbc Sync="TRUE">400720.386200</topbc></lboundng></spdom><keywords><theme><themekt>REQUIRED: Reference to a formally registered thesaurus or a similar authoritative source of theme keywords.</themekt><themekey>REQUIRED: Common-use word or phrase used to describe the subject of the data set.</themekey></theme></keywords><accconst>REQUIRED: Restrictions and legal prerequisites for accessing the data set.</accconst><useconst>REQUIRED: Restrictions and legal prerequisites for using the data set after access is granted.</useconst><natvform Sync="TRUE">Shapefile</natvform></idinfo><dataIdInfo><envirDesc Sync="TRUE">Microsoft Windows XP Version 5.1 (Build 2600) Service Pack 2; ESRI ArcCatalog 9.2.2.1350</envirDesc><dataLang><languageCode Sync="TRUE" value="en"></languageCode></dataLang><idCitation><resTitle Sync="TRUE">NC_HUCS</resTitle><presForm><PresFormCd Sync="TRUE" value="005"></PresFormCd></presForm></idCitation><spatRpType><SpatRepTypCd Sync="TRUE" value="001"></SpatRepTypCd></spatRpType><dataExt><geoEle><GeoBndBox esriExtentType="native"><westBL Sync="TRUE">61435.831</westBL><eastBL Sync="TRUE">930328.0983</eastBL><northBL Sync="TRUE">400720.3862</northBL><southBL Sync="TRUE">-67945.7371</southBL><exTypeCode Sync="TRUE">1</exTypeCode></GeoBndBox></geoEle></dataExt><geoBox esriExtentType="decdegrees"><westBL Sync="TRUE">-85.176364</westBL><eastBL Sync="TRUE">-75.383193</eastBL><northBL Sync="TRUE">37.361503</northBL><southBL Sync="TRUE">32.99166</southBL><exTypeCode Sync="TRUE">1</exTypeCode></geoBox></dataIdInfo><metainfo><langmeta Sync="TRUE">en</langmeta><metstdn Sync="TRUE">FGDC Content Standards for Digital Geospatial Metadata</metstdn><metstdv Sync="TRUE">FGDC-STD-001-1998</metstdv><mettc Sync="TRUE">local time</mettc><metc><cntinfo><cntorgp><cntper>REQUIRED: The person responsible for the metadata information.</cntper><cntorg>REQUIRED: The organization responsible for the metadata information.</cntorg></cntorgp><cntaddr><addrtype>REQUIRED: The mailing and/or physical address for the organization or individual.</addrtype><city>REQUIRED: The city of the address.</city><state>REQUIRED: The state or province of the address.</state><postal>REQUIRED: The ZIP or other postal code of the address.</postal></cntaddr><cntvoice>REQUIRED: The telephone number by which individuals can speak to the organization or individual.</cntvoice></cntinfo></metc><metd Sync="TRUE">20071029</metd><metextns><onlink Sync="TRUE">http://www.esri.com/metadata/esriprof80.html</onlink><metprof Sync="TRUE">ESRI Metadata Profile</metprof></metextns></metainfo><mdLang><languageCode Sync="TRUE" value="en"></languageCode></mdLang><mdStanName Sync="TRUE">ISO 19115 Geographic Information - Metadata</mdStanName><mdStanVer Sync="TRUE">DIS_ESRI1.0</mdStanVer><mdChar><CharSetCd Sync="TRUE" value="004"></CharSetCd></mdChar><mdHrLv><ScopeCd Sync="TRUE" value="005"></ScopeCd></mdHrLv><mdHrLvName Sync="TRUE">dataset</mdHrLvName><distinfo><resdesc Sync="TRUE">Downloadable Data</resdesc><stdorder><digform><digtinfo><transize Sync="TRUE">0.000</transize><dssize Sync="TRUE">0.000</dssize></digtinfo></digform></stdorder></distinfo><distInfo><distributor><distorTran><onLineSrc><orDesc Sync="TRUE">002</orDesc><linkage Sync="TRUE">file://\\nicknet\network\class\fall-2007\environ359\359_admin\lab_development\Johns_Sandbox\SOAP\Discharge\ToolData\NC_HUCS.shp</linkage><protocol Sync="TRUE">Local Area Network</protocol></onLineSrc><transSize Sync="TRUE">0.000</transSize></distorTran><distorFormat><formatName Sync="TRUE">Shapefile</formatName></distorFormat></distributor></distInfo><spdoinfo><direct Sync="TRUE">Vector</direct><ptvctinf><esriterm Name="NC_HUCS"><efeatyp Sync="TRUE">Simple</efeatyp><efeageom Sync="TRUE">Polygon</efeageom><esritopo Sync="TRUE">FALSE</esritopo><efeacnt Sync="TRUE">0</efeacnt><spindex Sync="TRUE">FALSE</spindex><linrefer Sync="TRUE">FALSE</linrefer></esriterm><sdtsterm Name="NC_HUCS"><sdtstype Sync="TRUE">G-polygon</sdtstype><ptvctcnt Sync="TRUE">0</ptvctcnt></sdtsterm></ptvctinf></spdoinfo><spref><horizsys><cordsysn><geogcsn Sync="TRUE">GCS_North_American_1983</geogcsn><projcsn Sync="TRUE">NAD_1983_StatePlane_North_Carolina_FIPS_3200</projcsn></cordsysn><planar><planci><plance Sync="TRUE">coordinate pair</plance><plandu Sync="TRUE">meters</plandu><coordrep><absres Sync="TRUE">0.000000</absres><ordres Sync="TRUE">0.000000</ordres></coordrep></planci><gridsys><gridsysn Sync="TRUE">State Plane Coordinate System 1983</gridsysn><spcs><spcszone Sync="TRUE">3200</spcszone><lambertc><stdparll Sync="TRUE">34.333333</stdparll><stdparll Sync="TRUE">36.166667</stdparll><longcm Sync="TRUE">-79.000000</longcm><latprjo Sync="TRUE">33.750000</latprjo><feast Sync="TRUE">609601.220000</feast><fnorth Sync="TRUE">0.000000</fnorth></lambertc></spcs></gridsys></planar><geodetic><horizdn Sync="TRUE">North American Datum of 1983</horizdn><ellips Sync="TRUE">Geodetic Reference System 80</ellips><semiaxis Sync="TRUE">6378137.000000</semiaxis><denflat Sync="TRUE">298.257222</denflat></geodetic></horizsys><vertdef><altsys><altenc Sync="TRUE">Explicit elevation coordinate included with horizontal coordinates</altenc><altres Sync="TRUE">1.000000</altres></altsys></vertdef></spref><refSysInfo><RefSystem><refSysID><identCode Sync="TRUE">NAD_1983_StatePlane_North_Carolina_FIPS_3200</identCode></refSysID></RefSystem></refSysInfo><spatRepInfo><VectSpatRep><topLvl><TopoLevCd Sync="TRUE" value="001"></TopoLevCd></topLvl><geometObjs Name="NC_HUCS"><geoObjTyp><GeoObjTypCd Sync="TRUE" value="001"></GeoObjTypCd></geoObjTyp><geoObjCnt Sync="TRUE">0</geoObjCnt></geometObjs></VectSpatRep></spatRepInfo><eainfo><detailed Name="NC_HUCS"><attr><attrlabl Sync="TRUE">CAT</attrlabl><attalias Sync="TRUE">CAT</attalias><attrtype Sync="TRUE">String</attrtype><attwidth Sync="TRUE">8</attwidth></attr><enttyp><enttypl Sync="TRUE">NC_HUCS</enttypl><enttypt Sync="TRUE">Feature Class</enttypt><enttypc Sync="TRUE">0</enttypc></enttyp><attr><attrlabl Sync="TRUE">Shape</attrlabl><attalias Sync="TRUE">Shape</attalias><attrtype Sync="TRUE">Geometry</attrtype><attwidth Sync="TRUE">0</attwidth><atprecis Sync="TRUE">0</atprecis><attscale Sync="TRUE">0</attscale><attrdef Sync="TRUE">Feature geometry.</attrdef><attrdefs Sync="TRUE">ESRI</attrdefs><attrdomv><udom Sync="TRUE">Coordinates defining the features.</udom></attrdomv></attr><attr><attrlabl Sync="TRUE">PERIMETER</attrlabl><attalias Sync="TRUE">PERIMETER</attalias><attrtype Sync="TRUE">Number</attrtype><attwidth Sync="TRUE">19</attwidth><atnumdec Sync="TRUE">8</atnumdec></attr><attr><attrlabl Sync="TRUE">HUC250K_</attrlabl><attalias Sync="TRUE">HUC250K_</attalias><attrtype Sync="TRUE">Number</attrtype><attwidth Sync="TRUE">19</attwidth><atnumdec Sync="TRUE">8</atnumdec></attr><attr><attrlabl Sync="TRUE">HUC250K_ID</attrlabl><attalias Sync="TRUE">HUC250K_ID</attalias><attrtype Sync="TRUE">Number</attrtype><attwidth Sync="TRUE">10</attwidth></attr><attr><attrlabl Sync="TRUE">HUC_CODE</attrlabl><attalias Sync="TRUE">HUC_CODE</attalias><attrtype Sync="TRUE">Number</attrtype><attwidth Sync="TRUE">10</attwidth></attr><attr><attrlabl Sync="TRUE">HUC_NAME</attrlabl><attalias Sync="TRUE">HUC_NAME</attalias><attrtype Sync="TRUE">String</attrtype><attwidth Sync="TRUE">8</attwidth></attr><attr><attrlabl Sync="TRUE">REG</attrlabl><attalias Sync="TRUE">REG</attalias><attrtype Sync="TRUE">String</attrtype><attwidth Sync="TRUE">39</attwidth></attr><attr><attrlabl Sync="TRUE">ACC</attrlabl><attalias Sync="TRUE">ACC</attalias><attrtype Sync="TRUE">String</attrtype><attwidth Sync="TRUE">2</attwidth></attr><attr><attrlabl Sync="TRUE">AREA_</attrlabl><attalias Sync="TRUE">AREA_</attalias><attrtype Sync="TRUE">String</attrtype><attwidth Sync="TRUE">4</attwidth></attr><attr><attrlabl Sync="TRUE">FID</attrlabl><attalias Sync="TRUE">FID</attalias><attrtype Sync="TRUE">String</attrtype><attwidth Sync="TRUE">6</attwidth><attrdef Sync="TRUE">Internal feature number.</attrdef><attrdefs Sync="TRUE">ESRI</attrdefs><attrdomv><udom Sync="TRUE">Sequential unique whole numbers that are automatically generated.</udom></attrdomv></attr><attr><attrlabl Sync="TRUE">SUB</attrlabl><attalias Sync="TRUE">SUB</attalias><attrtype Sync="TRUE">String</attrtype><attwidth Sync="TRUE">8</attwidth></attr><attr><attrlabl Sync="TRUE">area</attrlabl><attalias Sync="TRUE">area</attalias><attrtype Sync="TRUE">Float</attrtype><attwidth Sync="TRUE">19</attwidth><atnumdec Sync="TRUE">11</atnumdec></attr><attr><attrlabl Sync="TRUE">len</attrlabl><attalias Sync="TRUE">len</attalias><attrtype Sync="TRUE">Float</attrtype><attwidth Sync="TRUE">19</attwidth><atnumdec Sync="TRUE">11</atnumdec></attr></detailed></eainfo><mdDateSt Sync="TRUE">20071029</mdDateSt></metadata>
